"Area (standard Freshservice only)","Endpoint family","Documented operations","Project commands","Coverage","Missing operations / review note","Priority","Decision (Add/Skip)"
"Tickets","/tickets","Create; view; filter; list; update; delete; restore","Get/New/Set/Remove/Restore-FreshServiceTicket","Implemented","Get also supports fields; activities; CSAT; list and filter parameters","","Add - focused ticket create, view, bounded list, filter, and update; skip delete and restore"
"Tickets","/tickets/{id}/move_workspace","Move ticket","","Missing","Add Move-FreshServiceTicket","P1","Skip - single-workspace tenant"
"Tickets","/tickets/{ticket_id}/attachments/{id}","Delete ticket attachment","","Missing","Add Remove-FreshServiceTicketAttachment","P1","Skip - attachments are out of scope"
"Tickets","/tickets/{parent_id}/create_child_ticket","Create child ticket","New-FreshServiceTicket -parent_id","Implemented","","","Skip - no child-ticket workload"
"Tickets","/ticket_form_fields; /tickets/{id}/activities; /tickets/{id}/csat_response","List ticket fields; get activity; get CSAT response","Get-FreshServiceTicket -fields/-Activities/-csat_response","Implemented","","","Add - ticket fields and activity; CSAT is Conditional"
"Tickets","/tickets/{id}/time_entries; /tickets/{id}/time_entries/{entry_id}","Create; view; list; update; delete time entry","Get/New/Set/Remove-FreshServiceTimeEntry","Implemented","Shared command also covers problem; change; release time entries","","Skip - time entries are out of scope"
"Tickets","/tickets/{id}/tasks; /tickets/{id}/tasks/{task_id}","Create; view; list; update; delete task","Get/New/Set/Remove-FreshServiceTask","Implemented","Shared command also covers problem; change; release tasks","","Add - ticket-task reads only"
"Tickets","/tickets/{id}/requested_items","View and update requested items; add catalog item to existing request","Get/Set-FreshServiceRequestedItem","Partial","Add catalog item to existing service request","P1","Add - requested-item reads only"
"Tickets","/tickets/{id}/create_child_service_request","Create child service request","","Missing","Add New-FreshServiceChildRequest","P2","Skip - no child-service-request workload"
"Tickets","/tickets/{id}/approvals; /tickets/{id}/approvals/{approval_id}","Create; list; view; send reminder; cancel approval","Get/New/Set-FreshServiceRequestApproval","Partial","Add single approval lookup; reminder; cancellation; verify Set action coverage","P1","Add - ticket approval reads only"
"Tickets","/tickets/{id}/approval_groups; approval-chain-rule action","Create; update; list; cancel approval groups; update chain rule","","Missing","Entire approval-group family","P1","Skip - no approval-group action workload"
"Tickets","Major-incident actions","Promote incident; demote incident","","Missing","Add promote and demote commands","P2","Skip - no major-incident action workload"
"Tickets","/ticket_sources","Create custom ticket source","New-FreshServiceTicketSource","Implemented","","","Skip - no custom ticket-source workload"
"Conversations","/tickets/{id}/conversations; /conversations/{id}","Create reply; create note; update; delete; list","Get/New/Set/Remove-FreshServiceConversation","Partial","Add delete-conversation-attachment","P2","Add - ticket note creation and optional ticket conversation embed; standalone conversation management is Conditional"
"Problems","/problems; /problem_form_fields; /problems/{id}/move_workspace","Create; view; list; update; move; delete; restore; fields","Get/New/Set/Remove/Restore-FreshServiceProblem","Partial","Add move; Get declares workspace_id but does not use it","P1","Skip - problems are outside the committed surface"
"Problems","Problem notes; time entries; tasks","CRUD child resources","Get/New/Set/Remove-FreshServiceNote; Get/New/Set/Remove-FreshServiceTimeEntry; Get/New/Set/Remove-FreshServiceTask","Implemented","","","Skip - problems and time entries are outside the committed surface"
"Changes","/changes; /change_form_fields; /changes/{id}/move_workspace","Create; view; list; update; fields; move; delete","Get/New/Set/Remove/Restore-FreshServiceChange","Partial","Add move; current docs do not list restore","P1","Skip - changes are outside the committed surface"
"Changes","Change approvals and approval groups","List; view; remind; cancel approvals; create/update/list/cancel groups; update chain rule","","Missing","Entire change approval family","P1","Skip - changes are outside the committed surface"
"Changes","Change notes; time entries; tasks","CRUD child resources","Get/New/Set/Remove-FreshServiceNote; Get/New/Set/Remove-FreshServiceTimeEntry; Get/New/Set/Remove-FreshServiceTask","Implemented","","","Skip - changes and time entries are outside the committed surface"
"Releases","/releases; /releases/filter; /release_form_fields; /releases/{id}/move_workspace","Create; view; filter; list; update; move; delete; restore; fields","Get/New/Set/Remove/Restore-FreshServiceRelease","Partial","Add move and explicit fields retrieval; validate current filter options","P1","Skip - releases are out of scope"
"Releases","Release notes; time entries; tasks","CRUD child resources","Get/New/Set/Remove-FreshServiceNote; Get/New/Set/Remove-FreshServiceTimeEntry; Get/New/Set/Remove-FreshServiceTask","Implemented","","","Skip - releases and time entries are out of scope"
"CABs","CABs","Create; list; view; update; delete","","Missing","Entire endpoint family","P2","Skip - no CAB workload"
"Approvals","Global approvals","List all approvals","","Missing","Global approval listing","P2","Add - filtered global approval search"
"Workspaces","Workspaces / clients","Create; view; list; filter; update; delete; list fields","Get-FreshServiceWorkspace","Partial","Read/list only; add create; filter; update; delete; fields","P1","Skip - single-workspace tenant"
"Requesters","Requesters / contacts","Create; view; list; filter; fields; update; deactivate; forget; convert; merge; reactivate; assignment history","Get/New/Set/Remove-FreshServiceRequester","Partial","Verify lifecycle-action coverage; add assignment history","P2","Add - focused requester read"
"Agents","Agents","Create; view; list; filter; update; deactivate; forget; reactivate; convert; fields; assignment history","Get/New/Set/Remove-FreshServiceAgent; Get-FreshServiceAgentRole","Partial","Verify forget and conversion; add fields and assignment history","P2","Add - focused agent read"
"Agent roles","Agent roles","View; list","Get-FreshServiceAgentRole; New-FreshServiceAgentRoleConfig","Partial","Helper is not an API role-management endpoint","P3","Skip - no agent-role workload"
"Agent groups","Agent groups","Create; view; list; update; delete; membership management","Get/New/Set/Remove-FreshServiceAgentGroup; agent group member commands","Implemented","","","Add - focused agent-group read"
"Requester groups","Requester / contact groups","Create; view; list; update; delete; add/remove/list members","Get/New/Set/Remove-FreshServiceRequesterGroup; requester group member commands","Implemented","","","Skip - no requester-group workload"
"Locations","Locations","Create; view; list; filter; update; delete","Get/New/Set/Remove-FreshServiceLocation","Partial","Validate and document current filter semantics","P3","Add - focused location read"
"Departments","Departments / companies","Create; view; list; filter; update; delete; fields","Get/New/Set/Remove-FreshServiceDepartment","Partial","Add or verify filters and fields endpoint","P2","Add - focused department read"
"Business hours","Business hours","View one; list","Get-FreshServiceBusinessHour","Implemented","","","Add - business-hours read"
"SLA policies","SLA policies","List","Get-FreshServiceSLAPolicy","Implemented","","","Add - SLA-policy read"
"Announcements","Announcements","Create; view; list; edit; delete","Get/New/Set/Remove-FreshServiceAnnouncement","Implemented","","","Skip - no announcement workload"
"Custom objects","Custom objects and records","List objects; show object; create/list/update/delete records","Get-FreshServiceCustomObject; Get/New/Set/Remove-FreshServiceCustomObjectRecord","Implemented","","","Conditional - add only for a committed custom-object-backed form field"
"Audit logs","Audit log export","Export","Invoke-FreshServiceAuditLogExport","Implemented","","","Skip - no audit-export workload"
"Alerts","Alerts","Properties; view; filter; logs; acknowledge; resolve; suppress; unsuppress; delete","","Missing","Entire alert-management family","P2","Skip - no alert-management workload"
"Alerts","Alert notes","Create; list; view; update; delete","","Missing","Entire alert-note family","P2","Skip - no alert-note workload"
"Assets","/assets","Create; view; list; search; filter; update; delete; restore; permanently delete; move","Get/New/Set/Remove/Restore-FreshServiceAsset","Partial","Add permanent delete and move","P1","Add - focused asset read, ordinary update, and soft delete; skip create, restore, permanent delete, and move"
"Assets","Asset assignment history","View assignment history","","Missing","","P2","Add - asset assignment-history read, subject to tenant entitlement"
"Assets","Asset components","List; create; update","Get-FreshServiceAsset -components","Partial","Read only; add create and update","P2","Skip - no asset-component workload"
"Assets","Associated requests; contracts; relationships","List requests; list contracts; create/view/list/delete relationships","Get-FreshServiceAsset -requests/-contracts/-relationships; Get/New/Remove-FreshServiceRelationship; Get-FreshServiceRelationshipType","Partial","Add bulk relationship operations and verify account versus asset scope","P2","Skip - no asset relationship, contract, or associated-request workload"
"Asset types","Asset types","Create; view; list; update; delete; list fields","Get/New/Set/Remove-FreshServiceAssetType","Partial","Add or verify dedicated field retrieval","P2","Add - focused asset-type read; skip writes and field subresource"
"Products","Products","Create; view; list; update; delete","Get/New/Set/Remove-FreshServiceProduct","Implemented","","","Skip - no product workload"
"Vendors","Vendors","Create; view; list; update; delete","Get/New/Set/Remove-FreshServiceVendor","Implemented","","","Skip - no vendor workload"
"Purchase orders","Purchase orders","Create; list; move; view; update; delete","Get/New/Set/Remove-FreshServicePurchaseOrder","Partial","Add move","P2","Skip - no purchase-order workload"
"Software","Software","Create; update; view; list; list licenses; delete; bulk delete","Get/New/Set/Remove-FreshServiceSoftware","Partial","Add license list and bulk delete","P2","Skip - no software workload"
"Software","Software users","Bulk add; view; move; list; bulk update; bulk remove","Get/New/Set/Remove-FreshServiceSoftwareUser","Partial","Add move; validate current bulk payloads","P2","Skip - no software-user workload"
"Software","Software installations","Add; list; bulk remove","Get/New/Remove-FreshServiceSoftwareInstallation","Implemented","","","Skip - no software-installation workload"
"Software","Software relationships","List relationships","","Missing","","P3","Skip - no software-relationship workload"
"Contracts","Contracts and contract types","List types and fields; view/list; move; create; update; submit; approve; reject; list assets; list attachments","Get-FreshServiceContract; Get-FreshServiceContractType; New/Set-FreshServiceContract","Partial","Add move; reject; associated-assets list; attachments list","P2","Skip - no contract workload"
"ITAM","Physical subtypes","Create/update; list; view; delete","","Missing","Entire endpoint family","P3","Skip - CMDB extension families are out of scope"
"ITAM","Devices","Create; list; view; update; custom fields; delete","","Missing","Entire endpoint family","P3","Skip - CMDB extension families are out of scope"
"ITAM","Cloud resources; relationships; cloud details; lifecycle events","CRUD and custom-field operations","","Missing","Entire endpoint families","P3","Skip - CMDB extension families are out of scope"
"Projects","Legacy projects and tasks","Legacy project and task CRUD","","Missing","Existing commands target NewGen /pm/projects; add only if legacy support is needed","P3","Skip - no legacy-project workload"
"Projects","NewGen projects","Create; update; view; list; delete; archive; restore; fields; templates; members; associations; delete attachment","Get/New/Set/Remove/Restore-FreshServiceProject","Partial","Add templates; member management; associations; attachment deletion","P2","Skip - no project workload"
"Projects","NewGen project tasks","CRUD; filter; type fields; types; priorities; statuses; versions; sprints; memberships; associations; notes; delete attachments","Get/New/Set/Remove-FreshServiceProjectTask","Partial","Get covers several lookups/filter; add associations; notes; attachment deletion","P2","Skip - no project-task workload"
"Solutions","Solution categories","Create; update; view; list; delete; restore; permanently delete","Get/New/Set/Remove-FreshServiceSolutionCategory","Partial","Add restore and permanent delete","P2","Skip - no solution-category workload"
"Solutions","Solution folders","Create; create with approval; update; view; subfolders; list; delete; restore; permanently delete","Get/New/Set/Remove-FreshServiceSolutionFolder","Partial","Add approval create; subfolders; restore; permanent delete","P2","Skip - no solution-folder workload"
"Solutions","Solution articles","Create; secondary language; attachment; external URL; search; submit approval; publish; update; view; list; delete; restore; permanent delete; bulk restore","Get/New/Set/Remove-FreshServiceSolutionArticle","Partial","Add specialist and lifecycle operations","P2","Conditional - add search/read only for a committed knowledge-suggestion feature"
"Service catalog","Service catalog items","View; list; search; create; create with agent-group visibility; create with shared fields; update; delete","Get-FreshServiceCatalogItem","Partial","Read only; add create; update; delete; search; visibility and shared fields","P1","Conditional - add read/search only for a committed service-catalog request form"
"Service catalog","Service catalog categories","List","Get-FreshServiceCatalogCategory","Implemented","","","Conditional - add category read only for a committed service-catalog request form"
"Service catalog","Shared fields","List/search; create; update; delete; retrieve data; archive; unarchive","","Missing","Entire shared-field family","P2","Skip - no shared-field administration workload"
"Canned responses","Canned response folders and responses","List folders; show folder; list responses in folder; list responses; show response","Get-FreshServiceCannedResponseFolder; Get-FreshServiceCannedResponse","Implemented","","","Conditional - add reads only for a committed PSU note-template feature"
"Employee workflows","Employee onboarding","View form fields; create; view; list; view onboarding tickets","New-FreshServiceOnboardingRequest; Get-FreshServiceOnboardingRequest -fields/-tickets","Implemented","","","Skip - employee lifecycle is out of scope"
"Employee workflows","Employee offboarding","View form fields; create; view; list; view offboarding tickets","","Missing","Entire endpoint family","P2","Skip - employee lifecycle is out of scope"
"Employee workflows","Journeys","Published configs; initiator fields; create; view; filter; list; update; cancel; delete; activities","","Missing","Entire endpoint family","P2","Skip - journeys are out of scope"
"On-call management","Schedules; shifts; overrides; calendars; exports; who is on-call; escalation policies","Create; update; view/list/filter; delete; event calendar/export; escalation-policy CRUD/reorder","","Missing","Entire endpoint family","P2","Skip - no on-call workload"
"Post-incident reports","Templates","Create; get; list; enable; set primary; export; delete","","Missing","Entire endpoint family","P3","Skip - no post-incident-report workload"
"Collaboration","Major-incident email and Zoom","Trigger/retrieve email; trigger/retrieve Zoom meetings","","Missing","Entire endpoint family","P3","Skip - no major-incident collaboration workload"
"Status page","Status page","Incidents; incident updates; maintenance; maintenance updates; statuses; services/components; subscribers","","Missing","Entire endpoint family","P3","Skip - no status-page workload"
"Delegation","Delegation","Create; update; view; delete","","Missing","Entire endpoint family","P3","Skip - no delegation workload"
"Attachments","Generic and contract/purchase-order attachments","Download attachment; download purchase-order and contract attachment","","Missing","Separate download endpoints are not exposed","P3","Skip - attachments are out of scope"
